Exemplar,Size,Filename
Total,7333,res/dot/tot_graph.svg
Keen-Eyed Archers,1759,res/dot/tot_graph_1759_1.svg
Los Diablos Missile Base,858,res/dot/tot_graph_858_18.svg
Hive Stirrings,258,res/dot/tot_graph_258_39.svg
Never Happened,215,res/dot/tot_graph_215_6.svg
Hunting Velociraptor,114,res/dot/tot_graph_114_20.svg
Fanatical Fever,107,res/dot/tot_graph_107_107.svg
Torrential Gearhulk,101,res/dot/tot_graph_101_209.svg
Coastal Tower,56,res/dot/tot_graph_56_189.svg
Drake-Skull Cameo,55,res/dot/tot_graph_55_448.svg
Dire Flail // Dire Blunderbuss,46,res/dot/tot_graph_46_0.svg
Quirion Explorer,43,res/dot/tot_graph_43_19.svg
Seller of Songbirds,41,res/dot/tot_graph_41_49.svg
Get Out,40,res/dot/tot_graph_40_525.svg
Marooned,38,res/dot/tot_graph_38_510.svg
Blockade Runner,29,res/dot/tot_graph_29_50.svg
Prakhata Club Security,27,res/dot/tot_graph_27_87.svg
Vanquish,25,res/dot/tot_graph_25_445.svg
Hieromancer's Cage,23,res/dot/tot_graph_23_551.svg
Common Iguana,21,res/dot/tot_graph_21_32.svg
Skirk Outrider,20,res/dot/tot_graph_20_142.svg
Cooped Up,20,res/dot/tot_graph_20_521.svg
Embraal Bruiser,19,res/dot/tot_graph_19_17.svg
Dissection Tools,19,res/dot/tot_graph_19_176.svg
Stormsurge Kraken,17,res/dot/tot_graph_17_232.svg
Hurly-Burly,17,res/dot/tot_graph_17_246.svg
Unyaro Bee Sting,17,res/dot/tot_graph_17_621.svg
Super Speed,16,res/dot/tot_graph_16_488.svg
Silent Observer,15,res/dot/tot_graph_15_164.svg
Tragic Banshee,15,res/dot/tot_graph_15_206.svg
Outland Colossus,15,res/dot/tot_graph_15_230.svg
Victorious Destruction,15,res/dot/tot_graph_15_733.svg
Purphoros's Emissary,14,res/dot/tot_graph_14_238.svg
Sphinx of Forgotten Lore,13,res/dot/tot_graph_13_59.svg
Vizkopa Vampire,13,res/dot/tot_graph_13_166.svg
Ruin Processor,13,res/dot/tot_graph_13_360.svg
Hidden Grotto,13,res/dot/tot_graph_13_493.svg
Bant Panorama,13,res/dot/tot_graph_13_554.svg
Agonizing Syphon,12,res/dot/tot_graph_12_463.svg
Viashino Sandscout,12,res/dot/tot_graph_12_948.svg
Dub,11,res/dot/tot_graph_11_71.svg
Druid of the Spade,11,res/dot/tot_graph_11_99.svg
Maze's Mantle,11,res/dot/tot_graph_11_106.svg
Quantum Riddler,11,res/dot/tot_graph_11_268.svg
Carnage Tyrant,11,res/dot/tot_graph_11_321.svg
Exclusion Mage,11,res/dot/tot_graph_11_459.svg
Sky Diamond,11,res/dot/tot_graph_11_672.svg
Rise from the Grave,11,res/dot/tot_graph_11_920.svg
Eaten by Piranhas,10,res/dot/tot_graph_10_863.svg
Return from the Wilds,10,res/dot/tot_graph_10_917.svg
Cackling Fiend,9,res/dot/tot_graph_9_195.svg
Vein Ripper,9,res/dot/tot_graph_9_215.svg
Cragsmasher Yeti,9,res/dot/tot_graph_9_338.svg
Fan Favorite,9,res/dot/tot_graph_9_501.svg
Weight of the Underworld,9,res/dot/tot_graph_9_786.svg
Windgrace's Judgment,9,res/dot/tot_graph_9_827.svg
Alarum,8,res/dot/tot_graph_8_72.svg
Blight-Breath Catoblepas,8,res/dot/tot_graph_8_312.svg
Force of Virtue,8,res/dot/tot_graph_8_505.svg
Spontaneous Flight,8,res/dot/tot_graph_8_523.svg
Deadly Precision,8,res/dot/tot_graph_8_611.svg
Vampiric Tutor,8,res/dot/tot_graph_8_747.svg
Kitnap,8,res/dot/tot_graph_8_830.svg
Doublecast,7,res/dot/tot_graph_7_40.svg
Monica Rambeau // Photon Living Light,7,res/dot/tot_graph_7_118.svg
Bone Picker,7,res/dot/tot_graph_7_192.svg
Dukhara Peafowl,7,res/dot/tot_graph_7_234.svg
Akoum Boulderfoot,7,res/dot/tot_graph_7_340.svg
Windshaper Planetar,7,res/dot/tot_graph_7_363.svg
Irregular Cohort,7,res/dot/tot_graph_7_478.svg
The Immortal Weapons,7,res/dot/tot_graph_7_497.svg
Viashino Cutthroat,7,res/dot/tot_graph_7_578.svg
Renewed Faith,7,res/dot/tot_graph_7_588.svg
Tormenting Voice,7,res/dot/tot_graph_7_797.svg
Lotus Petal,7,res/dot/tot_graph_7_1103.svg
Vampiric Feast,7,res/dot/tot_graph_7_1141.svg
Mass Mutiny,7,res/dot/tot_graph_7_1203.svg
Draconautics Engineer,6,res/dot/tot_graph_6_42.svg
Piety,6,res/dot/tot_graph_6_173.svg
Fog,6,res/dot/tot_graph_6_187.svg
Gigantoad,6,res/dot/tot_graph_6_227.svg
Layla Hassan,6,res/dot/tot_graph_6_272.svg
Banquet Guests,6,res/dot/tot_graph_6_376.svg
Gold-Forged Sentinel,6,res/dot/tot_graph_6_426.svg
Colossus of Sardia,6,res/dot/tot_graph_6_443.svg
Symbol of Unsummoning,6,res/dot/tot_graph_6_522.svg
Maniacal Rage,6,res/dot/tot_graph_6_663.svg
Sisay's Ring,6,res/dot/tot_graph_6_877.svg
Symbiotic Elf,6,res/dot/tot_graph_6_884.svg
Erratic Visionary,6,res/dot/tot_graph_6_894.svg
Mad Dog,6,res/dot/tot_graph_6_1010.svg
Kithkin Billyrider,6,res/dot/tot_graph_6_1144.svg
Thunder Strike,6,res/dot/tot_graph_6_1487.svg
Withstand Death,6,res/dot/tot_graph_6_1505.svg
Hollowhead Sliver,5,res/dot/tot_graph_5_124.svg
Army of Allah,5,res/dot/tot_graph_5_174.svg
Maha Its Feathers Night,5,res/dot/tot_graph_5_212.svg
Firewing Phoenix,5,res/dot/tot_graph_5_235.svg
Razorgrass Invoker,5,res/dot/tot_graph_5_283.svg
Sarkhan's Rage,5,res/dot/tot_graph_5_335.svg
Feral Abomination,5,res/dot/tot_graph_5_393.svg
Raph & Mikey Troublemakers,5,res/dot/tot_graph_5_410.svg
Ajani's Mantra,5,res/dot/tot_graph_5_467.svg
Alchemax Slayer-Bots,5,res/dot/tot_graph_5_474.svg
Skulltap,5,res/dot/tot_graph_5_486.svg
Invisibility,5,res/dot/tot_graph_5_538.svg
Green Ward,5,res/dot/tot_graph_5_582.svg
Azula Always Lies,5,res/dot/tot_graph_5_615.svg
Dreamroot Cascade,5,res/dot/tot_graph_5_617.svg
Warmind Infantry,5,res/dot/tot_graph_5_626.svg
Hushwood Verge,5,res/dot/tot_graph_5_635.svg
Emerald Oryx,5,res/dot/tot_graph_5_658.svg
Deathgaze Cockatrice,5,res/dot/tot_graph_5_739.svg
Ostracize,5,res/dot/tot_graph_5_829.svg
Dwarven Warriors,5,res/dot/tot_graph_5_858.svg
Flaying Tendrils,5,res/dot/tot_graph_5_952.svg
Riot Ringleader,5,res/dot/tot_graph_5_1021.svg
Nausea,5,res/dot/tot_graph_5_1140.svg
Peel from Reality,5,res/dot/tot_graph_5_1310.svg
Riverguard's Reflexes,5,res/dot/tot_graph_5_1349.svg
Regenerate,5,res/dot/tot_graph_5_1386.svg
Taste of Blood,5,res/dot/tot_graph_5_1464.svg
Aisha of Sparks and Smoke,4,res/dot/tot_graph_4_48.svg
Imposing Sovereign,4,res/dot/tot_graph_4_64.svg
Nettling Nuisance,4,res/dot/tot_graph_4_84.svg
Seraphic Steed,4,res/dot/tot_graph_4_113.svg
Enraged Flamecaster,4,res/dot/tot_graph_4_119.svg
Longhorn Sharpshooter,4,res/dot/tot_graph_4_127.svg
Graceful Adept,4,res/dot/tot_graph_4_145.svg
Cloudsculpt Technician,4,res/dot/tot_graph_4_150.svg
Verge Rangers,4,res/dot/tot_graph_4_168.svg
Surgeon General Commander,4,res/dot/tot_graph_4_218.svg
Hussar Patrol,4,res/dot/tot_graph_4_275.svg
Trusty Retriever,4,res/dot/tot_graph_4_277.svg
Daggermaw Megalodon,4,res/dot/tot_graph_4_353.svg
Voice of the Provinces,4,res/dot/tot_graph_4_374.svg
Cavern Thoctar,4,res/dot/tot_graph_4_398.svg
Salvation Colossus,4,res/dot/tot_graph_4_434.svg
Plateau,4,res/dot/tot_graph_4_462.svg
Civic Wayfinder,4,res/dot/tot_graph_4_464.svg
Amrou Kithkin,4,res/dot/tot_graph_4_491.svg
Flight,4,res/dot/tot_graph_4_512.svg
Kessig Forgemaster // Flameheart Werewolf,4,res/dot/tot_graph_4_531.svg
Rescuer Chwinga,4,res/dot/tot_graph_4_537.svg
Brainwash,4,res/dot/tot_graph_4_623.svg
Keeper of Secrets,4,res/dot/tot_graph_4_630.svg
Powder Ganger,4,res/dot/tot_graph_4_639.svg
Turbulent Springs,4,res/dot/tot_graph_4_641.svg
Study Break,4,res/dot/tot_graph_4_670.svg
Benevolent Blessing,4,res/dot/tot_graph_4_678.svg
Chronostutter,4,res/dot/tot_graph_4_683.svg
Jukai Trainee,4,res/dot/tot_graph_4_685.svg
Gitaxian Probe,4,res/dot/tot_graph_4_691.svg
Clash of Wills,4,res/dot/tot_graph_4_692.svg
Collar the Culprit,4,res/dot/tot_graph_4_709.svg
Conduct Electricity,4,res/dot/tot_graph_4_716.svg
Drown in Dreams,4,res/dot/tot_graph_4_718.svg
Journey to Nowhere,4,res/dot/tot_graph_4_820.svg
Sorin's Thirst,4,res/dot/tot_graph_4_833.svg
Dwarven Scorcher,4,res/dot/tot_graph_4_857.svg
Noxious Toad,4,res/dot/tot_graph_4_870.svg
Merfolk Seer,4,res/dot/tot_graph_4_903.svg
Incendiary Oracle,4,res/dot/tot_graph_4_909.svg
Pyric Salamander,4,res/dot/tot_graph_4_942.svg
Majestic Heliopterus,4,res/dot/tot_graph_4_983.svg
Painter's Studio // Defaced Gallery,4,res/dot/tot_graph_4_1022.svg
Volshe Tideturner,4,res/dot/tot_graph_4_1095.svg
Imperial Mask,4,res/dot/tot_graph_4_1101.svg
Restoration Magic,4,res/dot/tot_graph_4_1106.svg
Pianna Nomad Captain,4,res/dot/tot_graph_4_1109.svg
Scepter of Insight,4,res/dot/tot_graph_4_1120.svg
Spock Logical Choice,4,res/dot/tot_graph_4_1191.svg
Unhallowed Pact,4,res/dot/tot_graph_4_1224.svg
Mists of Littjara,4,res/dot/tot_graph_4_1236.svg
Temur Devotee,4,res/dot/tot_graph_4_1237.svg
Spectral Cloak,4,res/dot/tot_graph_4_1263.svg
Grafted Growth,4,res/dot/tot_graph_4_1273.svg
Ophidian,4,res/dot/tot_graph_4_1294.svg
Malevolent Noble,4,res/dot/tot_graph_4_1321.svg
Primal Beyond,4,res/dot/tot_graph_4_1335.svg
Revolutionary Rebuff,4,res/dot/tot_graph_4_1351.svg
Rip-Clan Crasher,4,res/dot/tot_graph_4_1359.svg
Severed Legion,4,res/dot/tot_graph_4_1375.svg
Windstorm,4,res/dot/tot_graph_4_1506.svg
The Ultimate Nightmare of Wizards of the Coast® Customer Service,4,res/dot/tot_graph_4_1569.svg
Trip Noose,4,res/dot/tot_graph_4_1601.svg
Bristly Bill Spine Sower,3,
Kraul Warrior,3,
Goblin Rock Sled,3,
Scion of Stygia,3,
Monk Realist,3,
Mageta's Boon,3,
Malakir Familiar,3,
Ramirez DePietro,3,
Ainok Artillerist,3,
Whirlwind Killer Cyclone,3,
Kessig Wolf,3,
Zerapa Minotaur,3,
Goblin Mutant,3,
Angelic Destiny,3,
Spawn of Rix Maadi,3,
Flamekin Gildweaver,3,
Inga Rune-Eyes,3,
Cat-Owl,3,
Horizon Scholar,3,
The Falcon Sam Wilson,3,
Devoted Paladin,3,
Batterskull,3,
Bog Hoodlums,3,
Stangg,3,
Dragonscale Boon,3,
Crimson Wisps,3,
Akki Drillmaster,3,
Fan Bearer,3,
Ambassador Oak,3,
Beregond of the Guard,3,
Ancient Brontodon,3,
Samite Herbalist,3,
Viashino Sandstalker,3,
Goblin Cratermaker,3,
Lagonna-Band Elder,3,
Necrobite,3,
Tattered Apparition,3,
Martyr of Dusk,3,
Bloodcrazed Neonate,3,
Bone Harvest,3,
Boots of Speed,3,
Brain Maggot,3,
Breath of Life,3,
Bulette,3,
Courier Bat,3,
Searing Flesh,3,
Gene Pollinator,3,
Cleansing Wildfire,3,
Coordinated Barrage,3,
Leitmotif Composer,3,
Courier's Capsule,3,
Ancient Vendetta,3,
Whip Sergeant,3,
Overload,3,
Plunge into Winter,3,
Bloodhunter Bat,3,
Dauntless Onslaught,3,
Anoint with Affliction,3,
Decompose,3,
Deep Wood,3,
Rootwater Commando,3,
Innocuous Rat,3,
Drowsing Tyrannodon,3,
Strip Mine,3,
Enrage,3,
Coruscation Mage,3,
Festering Goblin,3,
Neonate's Rush,3,
Aberrant,3,
Vibranium Mining Mech,3,
Dive Down,3,
Gruul Scrapper,3,
Sedge Sliver,3,
Voracious Varmint,3,
Headstrong Brute,3,
Heavy Infantry,3,
Kalemne Disciple of Iroas,3,
Thwart the Enemy,3,
Hookblade Veteran,3,
Freeze in Place,3,
Wrack with Madness,3,
Thrór's Map,3,
Hydroid Krasis,3,
Opportunity,3,
Pegasus Courser,3,
Pyromantic Pilgrim,3,
Thunderherd Migration,3,
Reclaim,3,
Rush of Blood,3,
Renowned Weaponsmith,3,
Stomped by the Foot,3,
War Mammoth,3,
Racecourse Fury,2,
Roadkill Rodney,2,
Doom's Servo-Guards,2,
Mischievous Sneakling,2,
Kazandu Nectarpot,2,
Wily Goblin,2,
Nobody,2,
Goddric Cloaked Reveler,2,
Bellowing Crier,2,
Wall of Tanglecord,2,
Cybernetic Specialist,2,
Adventurous Eater // Have a Bite,2,
Doctor Doom Unrivaled,2,
Emeritus of Abundance // Regrowth,2,
Serpent-Blade Assailant,2,
Harold and Bob First Numens,2,
Jewel Thief,2,
Ulvenwald Oddity // Ulvenwald Behemoth,2,
Mungha Wurm,2,
Molten Lavamancer,2,
Spider-Gwen Free Spirit,2,
Samurai's Katana,2,
Ogre Battledriver,2,
Furnace Whelp,2,
Atlantean Cavalry,2,
Owlin Historian,2,
Pious Warrior,2,
Hawkeye Bowslinger,2,
Long-Bodied Grey Dog,2,
Tormod's Cryptkeeper,2,
Siegecraft,2,
Revel Ruiner,2,
Large Bear,2,
Flailing Drake,2,
Balustrade Wurm,2,
Keldon Berserker,2,
Daggersail Aeronaut,2,
Bonehoard Dracosaur,2,
Djinni Windseer,2,
Faithful Pikemaster,2,
Hound of the Farbogs,2,
Locthwain Lancer,2,
Canyon Crawler,2,
Rottenmouth Viper,2,
Bolg Erebor's Reckoning,2,
Pummeler for Hire,2,
Winding Wurm,2,
Iron Hills Stalwart,2,
Kree Sentinel,2,
Zog Triceraton Castaway,2,
Thunder Brute,2,
Bloodthirster,2,
Stockman Mad Fly-entist,2,
Monstrosity of the Lake,2,
Lake-town Mariners // Gone Fishing,2,
Giant Koi,2,
Shrouded Serpent,2,
Sun-Crested Pterodon,2,
Thunderwolf Cavalry,2,
Aegis Angel,2,
Glass Golem,2,
Glissa's Retriever,2,
Gaea's Revenge,2,
Panglacial Wurm,2,
Doc Ock Evil Inventor,2,
Radiant Solar,2,
Warped Tusker,2,
Maelstrom Colossus,2,
Artisan of Kozilek,2,
Supernatural Stamina,2,
Abyssal Nightstalker,2,
Accelerated Mutation,2,
Acolyte of Xathrid,2,
Acrobatic Maneuver,2,
Jeska's Will,2,
Advanced Hoverguard,2,
Aegis of the Gods,2,
Agate-Blade Assassin,2,
Agent of Atlas,2,
Ribbons of the Reikai,2,
Ephara's Warden,2,
Alley Evasion,2,
Roar of Challenge,2,
Gust-Skimmer,2,
Mine Worker,2,
Altar of Bone,2,
An-Havva Inn,2,
Ancient Craving,2,
Ancient Ziggurat,2,
Angelic Blessing,2,
Angelic Gift,2,
Shimmer of Possibility,2,
Anurid Murkdiver,2,
Argothian Elder,2,
Armory of Iroas,2,
Ashen Monstrosity,2,
Ashiok's Skulker,2,
Atinlay Igpay,2,
Auspicious Arrival,2,
Avenging Angel,2,
Azorius Arrester,2,
Forsaken Miner,2,
Valley Rotcaller,2,
Banishment Decree,2,
Banners Raised,2,
Barishi,2,
The Cheese Stands Alone,2,
Barter in Blood,2,
Herald of the Fair,2,
Trailblazing Historian,2,
Brambleguard Captain,2,
Belbe's Percher,2,
Binding Agony,2,
Biowaste Blob,2,
Sanguine Sipper,2,
Blazemire Verge,2,
North Pole Patrol,2,
Teferi's Protege,2,
Ingenious Skaab,2,
Blistering Barrier,2,
Dissension in the Ranks,2,
Blood Reckoning,2,
Blood Vassal,2,
Howl from Beyond,2,
Bloodflow Connoisseur,2,
Bloodshed Fever,2,
Bloodtallow Candle,2,
Blue Elemental Blast,2,
Careless Celebrant,2,
Boiling Seas,2,
Border Patrol,2,
Bottomless Vault,2,
Bountiful Harvest,2,
Braidwood Cup,2,
Break Open,2,
Second Thoughts,2,
Revoke Existence,2,
Eivor Battle-Ready,2,
Buoyancy,2,
Fantastic Elasticity,2,
Call to Serve,2,
Call to the Void,2,
Canopy Baloth,2,
Canopy Dragon,2,
Capricious Sorcerer,2,
Captivating Gyre,2,
Caravan Hurda,2,
Castigate,2,
Celestial Sword,2,
Ceremonial Guard,2,
Chains of Custody,2,
Aerial Responder,2,
Chieftain en-Dal,2,
Chill Haunting,2,
Cryogenic Stasis,2,
Chitinous Cloak,2,
Chromatic Armor,2,
Martyr's Cause,2,
Cleanfall,2,
Clear a Path,2,
Clinquant Skymage,2,
Run Afoul,2,
Mystic Skyfish,2,
Now You See Me . . .,2,
Coastal Breach,2,
Enduring Curiosity,2,
Coat with Venom,2,
Cobbled Wings,2,
Collective Unconscious,2,
Collective Voyage,2,
Colossal Might,2,
Commander's Authority,2,
Pearl Shard,2,
Convergence of Dominion,2,
Tishana's Tidebinder,2,
Tattermunge Maniac,2,
Sabertooth Wyvern,2,
Crippling Blight,2,
Crossbow Infantry,2,
Crosstown Courier,2,
Drix Fatemaker,2,
Crumbling Vestige,2,
Crusader of Odric,2,
Crystal Quarry,2,
Heal,2,
Secluded Steppe,2,
Repel the Darkness,2,
Kindly Customer,2,
Strongbox Raider,2,
Daggerclaw Imp,2,
Daring Leap,2,
Dark Favor,2,
Dark Offering,2,
Dauthi Slayer,2,
Timetwister,2,
Daysquad Marshal,2,
Dazzling Beauty,2,
Deadly Tempest,2,
Launch Party,2,
Deathcoil Wurm,2,
Declare Dominance,2,
Solemn Offering,2,
Deep Reconnaissance,2,
Demotion,2,
Dense Canopy,2,
Deny Entry,2,
Deny Existence,2,
Desert of the Fervent,2,
Desert of the Glorified,2,
Desert of the Indomitable,2,
Guide of Souls,2,
Isamaru Hound of Konda,2,
Emergency Medical Hologram,2,
Stiltzkin Moogle Merchant,2,
Didact Echo,2,
Dire Fleet Hoarder,2,
Diregraf Ghoul,2,
Discordant Piper,2,
Disease Carriers,2,
Disfigure,2,
Ghostly Flicker,2,
Doomed Traveler,2,
Medicine Bag,2,
Rally at the Hornburg,2,
Dragonfly Suit,2,
Dragoon's Wyvern,2,
Drain Life,2,
Dream Spoilers,2,
Dredge the Mire,2,
Drekavac,2,
Damage Control Crew,2,
Durable Coilbug,2,
Indrik Stomphowler,2,
Territorial Baloth,2,
Leonin Abunas,2,
Dwarven Hold,2,
Eerie Interference,2,
Eerie Procession,2,
Elemental Uprising,2,
Eliminate,2,
Elven Rite,2,
Elvish Healer,2,
Elvish Lookout,2,
Elvish Promenade,2,
Cosmotronic Wave,2,
Enchanted Being,2,
Enslaved Scout,2,
Roots,2,
Entrancing Melody,2,
Aang's Journey,2,
Epiphany Storm,2,
Erratic Explosion,2,
Tanglebloom,2,
Essence Extraction,2,
Vastwood Surge,2,
Eye of Nowhere,2,
Grip of Desolation,2,
Flamebraider,2,
Plargg Dean of Chaos // Augusta Dean of Order,2,
Yavimaya Steelcrusher,2,
Moment of Silence,2,
Tyrranax Atrocity,2,
Fear,2,
Feat of Resistance,2,
Pack's Disdain,2,
Feign Death,2,
Accursed Spirit,2,
Twinblade Geist // Twinblade Invocation,2,
Feral Instinct,2,
Feroz's Ban,2,
Fervor,2,
Festival of Trokin,2,
Fevered Strength,2,
Field of Dreams,2,
Star-Crowned Stag,2,
Ready to Rumble,2,
Farewell,2,
Fire Tempest,2,
Fire-Omen Crane,2,
Firebreathing,2,
Firestorm Phoenix,2,
Fissure Vent,2,
Your Temple Is Under Attack,2,
Olivia's Dragoon,2,
Fleeting Distraction,2,
Fleeting Image,2,
Flowstone Shambler,2,
Flying Carpet,2,
Foreshadow,2,
Foresight,2,
Fortress Crab,2,
Fortune's Favor,2,
Out of Bounds,2,
Frost Giant,2,
Funeral Pyre,2,
Diresight,2,
Fungusaur,2,
Seeker of Skybreak,2,
Fyndhorn Druid,2,
Sage of the Maze,2,
Wasteland Viper,2,
Gaea's Protector,2,
Gainsay,2,
Gaze of Adamaro,2,
Geist Snatch,2,
Ghitu Journeymage,2,
Ghostway,2,
Wu Elite Cavalry,2,
Waylaying Pirates,2,
Glimpse the Future,2,
Glowrider,2,
Footlight Fiend,2,
Goblin Shortcutter,2,
Spiteful Prankster,2,
Goblins of the Flarg,2,
Gorgon's Head,2,
Grand Coliseum,2,
Rabid Bloodsucker,2,
Gravedigger,2,
Vulshok Heartstoker,2,
Grifter's Blade,2,
Guardians of Akrasa,2,
Guildless Commons,2,
Harmony of Nature,2,
Hawkeater Moth,2,
Warning,2,
Headless Specter,2,
Headstone,2,
Ruin-Lurker Bat,2,
Hedron Blade,2,
Hidden Horror,2,
Holdout Settlement,2,
Rushwood Grove,2,
Holy Strength,2,
Homarid Warrior,2,
Horrible Hordes,2,
Reminisce,2,
Ponder,2,
Minds Aglow,2,
Jinx,2,
Preordain,2,
Vision Skeins,2,
Hysterical Blindness,2,
Icatian Store,2,
Igneous Cur,2,
Imposing Visage,2,
Infuse,2,
Intervene,2,
Into Thin Air,2,
Invasive Species,2,
Iona's Judgment,2,
Iron Maiden,2,
Jeskai Runemark,2,
Journeyer's Kite,2,
Jubilant Mascot,2,
Judgment of Alexander,2,
Kaijin of the Vanishing Touch,2,
Warren Pilferers,2,
Kavu Lair,2,
Kaysa,2,
Kei Takahashi,2,
Malakir Cullblade,2,
Kiln Fiend,2,
King's Assassin,2,
Cathar's Shield,2,
Kitesail,2,
Serra Advocate,2,
Kjeldoran Gargoyle,2,
Savannah Sage,2,
Knight of the Tusk,2,
Ultramarines Honour Guard,2,
Kraken Hatchling,2,
Krosan Reclamation,2,
Krovikan Fetish,2,
Kukemssa Serpent,2,
Kuldotha Rebirth,2,
Laboratory Brute,2,
Lance,2,
Last Chance,2,
Last Word,2,
Latch Seeker,2,
Lava Tubes,2,
Lava-Field Overlord,2,
Lay Bare,2,
Aerial Volley,2,
Leatherback Baloth,2,
Leave in the Dust,2,
Legerdemain,2,
White Orchid Phantom,2,
Ley Druid,2,
Lifelink,2,
Lightning Blow,2,
Lightning Elemental,2,
Lightning Reflexes,2,
Lightning Stormkin,2,
Lim-Dûl's High Guard,2,
Living Hive,2,
Lord of Atlantis,2,
Lost in a Labyrinth,2,
Lunge,2,
Maga Traitor to Mortals,2,
Magefire Wings,2,
Map the Wastes,2,
Mardu Runemark,2,
Martyrdom,2,
Megrim,2,
Mental Note,2,
Midnight Tilling,2,
Might Beyond Reason,2,
Mightstone,2,
Miming Slime,2,
Mind Ravel,2,
Mind Sculpt,2,
West Coast Expansion,2,
Minor Misstep,2,
Minotaur Explorer,2,
Contract Hero,2,
Mirror Gallery,2,
Mirror Image,2,
Mutavault,2,
Mishra's Onslaught,2,
Mobilize,2,
Molimo Maro-Sorcerer,2,
Primal Cocoon,2,
Fearless Pup,2,
Scorch Spitter,2,
Somberwald Vigilante,2,
Weaselback Redcap,2,
Moonglove Extractor,2,
Thraben Charm,2,
Mosstodon,2,
Mulch,2,
Multani's Harmony,2,
Myr Enforcer,2,
Narcolepsy,2,
Necromancer's Assistant,2,
Zephyr Boots,2,
Neurok Prodigy,2,
Nightguard Patrol,2,
Nightshade Stinger,2,
Noble Steeds,2,
Nuisance Engine,2,
Omenspeaker,2,
Orchard Spirit,2,
Orcish Cannonade,2,
Orcish Conscripts,2,
Orim's Touch,2,
Overcome,2,
Pale Bears,2,
Kabuto Moth,2,
Panic Attack,2,
Parallax Inhibitor,2,
Parallectric Feedback,2,
Penumbra Kavu,2,
Personal Tutor,2,
Phantasmal Terrain,2,
Debt to the Kami,2,
Phyrexian Denouncer,2,
Phyrexian Vault,2,
Tightening Coils,2,
Pincher Beetles,2,
Faith's Fetters,2,
Unexpected Windfall,2,
Planar Cleansing,2,
Plated Seastrider,2,
Polar Kraken,2,
Primal Frenzy,2,
Prisoner's Dilemma,2,
Prized Unicorn,2,
Cleansing Nova,2,
Put Away,2,
Putrid Leech,2,
Pyre Hound,2,
Desperate Ritual,2,
Quagmire Lamprey,2,
Quirion Dryad,2,
Qumulox,2,
Rain of Blades,2,
Rain of Tears,2,
Rakshasa's Disdain,2,
Ranger's Path,2,
Raphael Tough Turtle,2,
Rat Out,2,
Rats' Feast,2,
Ravaging Horde,2,
Stony-Voiced Goblins,2,
Razorgrass Screen,2,
Pyroblast,2,
Refurbish,2,
Regenesis,2,
Stand // Deliver,2,
Relentless Pursuit,2,
Relic's Roar,2,
Remove Soul,2,
Seeds of Renewal,2,
Return from Extinction,2,
Rib Cage Spider,2,
Ringwarden Owl,2,
Ritual of Restoration,2,
Ritual of Steel,2,
River Heralds' Boon,2,
Rod of Ruin,2,
Rogue Kavu,2,
Harrow,2,
Siege Wurm,2,
Rootwalla,2,
Rule of Law,2,
Rupture Spire,2,
For the Emperor!,2,
Rushwood Elemental,2,
Sacred Boon,2,
Sacrifice,2,
Council's Judgment,2,
Battlefield Medic,2,
Sand Silos,2,
Satyr Wayfinder,2,
Time Walk,2,
Screeching Drake,2,
Sea Sprite,2,
Silver Myr,2,
Sea Spirit,2,
Sea's Claim,2,
Seasoned Marshal,2,
Once Upon a Time,2,
Seeker,2,
Seismic Rupture,2,
Seismic Stomp,2,
Sensory Deprivation,2,
Serra Avatar,2,
Setessan Starbreaker,2,
Setessan Training,2,
Shared Triumph,2,
Dread Return,2,
Shieldmate's Blessing,2,
Startle,2,
Shore Up,2,
Shrieking Drake,2,
Silence,2,
Simplify,2,
Siren Song Lyre,2,
Sixth Sense,2,
Splatter Goblin,2,
Sky Skiff,2,
Turtle Van,2,
Sonic Seizure,2,
Soulreaper of Mogis,2,
Spell Blast,2,
Sphere of the Suns,2,
Spiked Baloth,2,
Spirit Shield,2,
Sporemound,2,
Spreading Rot,2,
Spring of Eternal Peace,2,
Squelching Leeches,2,
Squirming Mass,2,
Staff of Zegon,2,
Stalking Stones,2,
Stand Together,2,
Starfall,2,
Starlit Mantle,2,
Gods Willing,2,
Weaver of Currents,2,
Voracious Vacuum,2,
Stormrider Rig,2,
Hellcat Undying Vigilante,2,
Stream of Acid,2,
Stream of Life,2,
Strength of the Pack,2,
Subversion,2,
Sunbond,2,
Surge of Zeal,2,
Sustainer of the Realm,2,
Swallowing Plague,2,
Furious Reprisal,2,
Sylvan Tutor,2,
Tainted Wood,2,
Takeno's Cavalry,2,
Tangle Spider,2,
Strength of Night,2,
Teeterpeak Ambusher,2,
Telepathy,2,
Telim'Tor's Darts,2,
Tendo Ice Bridge,2,
Hobbit Hole,2,
Terrarion,2,
The Crystal's Chosen,2,
The Hive,2,
Thicket Basilisk,2,
Thing from the Deep,2,
Thoughtflare,2,
Thoughtlace,2,
The Crowd Goes Wild,2,
Tidal Surge,2,
Time Ebb,2,
Wild Onslaught,2,
Titania's Chosen,2,
Titanium Golem,2,
Totally Lost,2,
Touch of Death,2,
Touch of Invisibility,2,
Touchstone,2,
Tranquility,2,
Traumatic Visions,2,
Treetop Defense,2,
Trumpet Blast,2,
Trusty Boomerang,2,
Turn the Tide,2,
Twiddle,2,
Twincast,2,
Twisted Experiment,2,
Uktabi Orangutan,2,
Uncaged Fury,2,
Uncharted Haven,2,
Unflinching Courage,2,
Predator's Gambit,2,
Unlikely Aid,2,
Unmarked Grave,2,
Unruly Mob,2,
Ancient Tomb,2,
Turtle Tracks,2,
Fallow Earth,2,
Urban Utopia,2,
Urborg Drake,2,
Urgent Exorcism,2,
Secluded Starforge,2,
Abstruse Appropriation,2,
Valorous Charge,2,
Starscape Cleric,2,
Gaze of the Gorgon,2,
Verdant Field,2,
Vernal Equinox,2,
Vigilance,2,
Vindictive Vampire,2,
Viridian Joiner,2,
Vodalian Hypnotist,2,
Void Snare,2,
Vulshok Berserker,2,
Wall of Torches,2,
Wall of Vapor,2,
Heartwood Shard,2,
Watchwolf,2,
Waterspout Djinn,2,
Web,2,
Wee Dragonauts,2,
Well of Discovery,2,
Wheel of Torture,2,
Reckless Spite,2,
Wildwood Rebirth,2,
Wind Sail,2,
Winter's Grasp,2,
Wood Elemental,2,
Woodland Liege,2,
Wrench Mind,2,
Wring Flesh,2,
Yavimaya Sapherd,2,
Yeva's Forcemage,2,
Zendikar's Roil,2,
Zephid,2,
Zhalfirin Void,2,
Startling Development,1,
Drannith Healer,1,
Drannith Stinger,1,
Ruin Rat,1,
Goring Warplow,1,
White Widow Yelena Belova,1,
Undead Hand Ninja,1,
Thieving Varmint,1,
Wasp of the Bitter End,1,
Reno and Rude,1,
Paradise Druid,1,
Venomsac Lagac,1,
Thornvault Forager,1,
Intrepid Stablemaster,1,
Zuri Warrior of Wakanda,1,
Wolfsbane Highland Hero,1,
Traveling Botanist,1,
Rootwire Amalgam,1,
Speed Young Avenger,1,
Emberheart Challenger,1,
Molten-Core Maestro,1,
Munitions Enthusiast,1,
Don & Raph Hard Science,1,
Nogi Draco-Zealot,1,
Kirol Attentive First-Year,1,
Noggle Robber,1,
Lakeshore Apothecary,1,
Scorpion Sentinel,1,
Focused Funambulist,1,
Elementalist Adept,1,
The Wondrous Wasp,1,
Zephyr Sentinel,1,
Knowledge Seeker,1,
Taigam Master Opportunist,1,
Elvenking's Harper,1,
No-Regrets Egret,1,
Zhalfirin Decoy,1,
Raft Security Officer,1,
Dawnwing Marshal,1,
Kinscaer Sentry,1,
Unknown,1,
Unknown,1,
Venat Heart of Hydaelyn // Hydaelyn the Mothercrystal,1,
Wary Farmer,1,
Swarm Being of Bees,1,
Ahriman,1,
Raven Eagle,1,
Kingpin's Enforcers,1,
Kin-Tree Nurturer,1,
Starving Revenant,1,
Weaver of Blossoms // Blossom-Clad Werewolf,1,
Six,1,
Erinis Gloom Stalker,1,
Vile Redeemer,1,
Rocksteady Mutant Marauder,1,
Gamma Grotesque,1,
She-Hulk Attorney-at-Law,1,
Ambush Wolf,1,
Dawn's Light Archer,1,
Peema Outrider,1,
Gnarled Professor,1,
Territorial Allosaurus,1,
Puppet Master String Puller,1,
Tokka & Rahzar Unsupervised,1,
Synth Eradicator,1,
Vincent Vengeful Atoner,1,
Sapphire Collector,1,
Spider-Man New Champion,1,
Superior Foes of Spider-Man,1,
Barret Avalanche Leader,1,
Tahngarth First Mate,1,
Wildfire Elemental,1,
Fin Fang Foom,1,
Parapet Thrasher,1,
Smaug the Magnificent,1,
Urabrask // The Great Work,1,
Iroh Dragon of the West,1,
Luke Cage Hero for Hire,1,
Solphim Mayhem Dominus,1,
Nightwhorl Hermit,1,
Glamermite,1,
Iguana Parrot,1,
Iron Lad Diverging Destiny,1,
Uthros Psionicist,1,
Mister Fantastic,1,
Kang the Conqueror,1,
Dual-Sun Adepts,1,
Hero in Training,1,
Loyal Gryff,1,
Falcon Joaquin Torres,1,
Aerith Gainsborough,1,
Virtuous Variant,1,
Reidane God of the Worthy // Valkmira Protector's Shield,1,
Pride of the Road,1,
Porcelain Legionnaire,1,
Cloudsteel Kirin,1,
Guardian of Ghirapur,1,
Adept Watershaper,1,
Cid Timeless Artificer,1,
Trove Warden,1,
Stridehangar Automaton,1,
Aetherjacket,1,
Skittering Cicada,1,
Iron Spider Stark Upgrade,1,
Attack-in-the-Box,1,
Wipe Clean,1,
Scurrilous Sentry,1,
Locthwain Paladin,1,
Vito's Inquisitor,1,
Weirded Vampire,1,
Grendel Spawn of Knull,1,
Consuming Aetherborn,1,
South Wind Avatar,1,
Sandskitter Outrider,1,
Skitterskin,1,
Lost Monarch of Ifnir,1,
Blade of the Swarm,1,
Emeritus of Woe // Demonic Tutor,1,
Sidisi Undead Vizier,1,
Witch-king of Angmar,1,
Defiling Daemogoth,1,
Shredder Shadow Master,1,
Bloodthirsty Conqueror,1,
Unholy Annex // Ritual Chamber,1,
Hit-Monkey,1,
Earth Rumble Wrestlers,1,
Saurian Symbiote,1,
Bristlebane Outrider,1,
Titanbones Towering Heart,1,
Primordial Pachyderm,1,
She-Hulk Jade Defender,1,
Hazard of the Dunes,1,
Thrun Breaker of Silence,1,
Overlord of the Hauntwoods,1,
Spider-Man Web-Spinner,1,
Arclight Phoenix,1,
Titania Proud Pummeler,1,
Teapot Slinger,1,
Fire Nation Archers,1,
Shaman of the Great Hunt,1,
Casey Jones Back Alley Brute,1,
Zealot of the God-Pharaoh,1,
Summit Intimidator,1,
Ferocious Tigorilla,1,
Tackle Artist,1,
Mica Reader of Ruins,1,
Rosheen Meanderer,1,
Thundermane Dragon,1,
Titans' Vanguard,1,
Hulk Gamma Goliath,1,
Nova Hellkite,1,
Surtland Flinger,1,
Wrathful Red Dragon,1,
Spinerock Tyrant,1,
Ilharg the Raze-Boar,1,
Slash Reptile Rampager,1,
Owlin Spiralmancer,1,
Prognostic Sphinx,1,
Thryx the Sudden Storm,1,
Sphinx of Clear Skies,1,
SP//dr Piloted by Peni,1,
Zephyrim,1,
Whiskervale Forerunner,1,
Vitality Hunter,1,
Thancred Waters,1,
Cubwarden,1,
Mite Overseer,1,
Wooden Cane,1,
Federation Field Medic,1,
God-Eternal Oketra,1,
Soaring Stoneglider,1,
Voltstorm Angel,1,
Exalted Sunborn,1,
Amazing Spider-Girl,1,
Saheeli's Silverwing,1,
Dramatist's Puppet,1,
The Vision,1,
Vision Synthezoid Avenger,1,
Disruptor Wanderglyph,1,
Conductive Machete,1,
Su-Chi,1,
Vengeful Warchief,1,
Tivash Gloom Summoner,1,
Scathing Shadelock // Venomous Words,1,
Loathsome Curator,1,
Seymour Flux,1,
Titania Rugged Rumbler,1,
Shredder Unrelenting,1,
Bogslither's Embrace,1,
Unknown,1,
Ultimo Civilization's End,1,
Tetzimoc Primal Death,1,
Lashwhip Predator,1,
Curator Beastie,1,
Migrating Ketradon,1,
Spider-Rex Daring Dino,1,
Apothecary Stomper,1,
Rhino Terrible Trampler,1,
Quilled Greatwurm,1,
Byrke Long Ear of the Law,1,
Thorin Company's Leader,1,
Thunderhead Gunner,1,
Barrage Tyrant,1,
Sandworm,1,
Spider-Man Hometown Hero,1,
Vaultguard Trooper,1,
Jegantha the Wellspring,1,
Gladiolus Amicitia,1,
Markov Enforcer,1,
Incinerator of the Guilty,1,
Territorial Bruntar,1,
Ironheart Clever Champion,1,
Illusion Spinners,1,
Saruman the White,1,
Petrifying Meddler,1,
Diviner of Mist,1,
Faerie Formation,1,
Mechanozoa,1,
Soul of Ravnica,1,
Kitsune Dragon's Daughter,1,
Eagle of the Great Shelf,1,
Githzerai Monk,1,
Zuberi Golden Feather,1,
Celestine the Living Saint,1,
Riling Dawnbreaker // Signaling Roar,1,
G'raha Tia,1,
Venerated Loxodon,1,
Seluma Light of Aysen,1,
Captain Mar-Vell Space-Born,1,
Will Riker Assuming Command,1,
Yosei the Morning Star,1,
Deathless Angel,1,
Kuldotha Forgemaster,1,
Gearsmith Guardian,1,
Ultron Machine Overlord,1,
Blight Herder,1,
Platoon Dispenser,1,
Karn Legacy Reforged,1,
Mortarion Daemon Primarch,1,
Vulture Scheming Scavenger,1,
Debtors' Transport,1,
Orochi Soul-Reaver,1,
The Masters of Evil,1,
Troll of Khazad-dûm,1,
The Balrog Durin's Bane,1,
Valleymaker,1,
Wild Hypothesis,1,
Colossal Badger // Dig Deep,1,
Skyscythe Engulfer,1,
Megantic Sliver,1,
Mirkwood Elk,1,
The Thing Ben Grimm,1,
Shang-Chi Martial Mentor,1,
Altanak the Thrice-Called,1,
Furnace Host Charger,1,
She-Hulk Wallbreaker,1,
Emissary of Grudges,1,
Bolshack Dragon,1,
Chandra's Incinerator,1,
Trelane Squire of Gothos,1,
Kappa Cannoneer,1,
Kiora's Dambreaker,1,
Donatello Rad Scientist,1,
Beluna's Gatekeeper // Entry Denied,1,
Mistform Skyreaver,1,
Bounding Felidar,1,
Belonging,1,
Ulamog's Despoiler,1,
Wurmcoil Engine,1,
Hexavus,1,
Soul of New Phyrexia,1,
Kaldra Compleat,1,
Spawnbed Protector,1,
Kavu Primarch,1,
Stonehoof Chieftain,1,
Walking Skyscraper,1,
Void Winnower,1,
Moorland Drifter,1,
Aeronaut Tinkerer,1,
Canoptek Wraith,1,
Air-Cult Elemental,1,
Knight of Meadowgrain,1,
Hell's Kitchen,1,
Goldmeadow Harrier,1,
Warden of the Beyond,1,
Unwavering Initiate,1,
Welder Automaton,1,
Woodland Bellower,1,
True Love's Kiss,1,
Vizier of the Anointed,1,
Anaba Bodyguard,1,
Twisted Spider-Clone,1,
Temperamental Oozewagg,1,
Shepherd of the Clouds,1,
Anodet Lurker,1,
Experimental Augury,1,
Arachnoid,1,
Annoyed Altisaur,1,
Arctic Treeline,1,
Arlinn's Wolf,1,
Professor's Warning,1,
Dwarfhold Champion,1,
Armory Veteran,1,
Arrogant Poet,1,
Gorilla Tactics,1,
Wildborn Preserver,1,
Ashenmoor Cohort,1,
Aven Tactician,1,
Axebane Stag,1,
Volcanic Rambler,1,
Morselhoarder,1,
Thought Harvester,1,
Pilfering Imp,1,
Vulshok Refugee,1,
Whispering Snitch,1,
Paradox Shaper // Omit Variables,1,
Skittish Kavu,1,
Barbed Sextant,1,
Wake the Dragon,1,
Dread Defiler,1,
Lotleth Giant,1,
Aang A Lot to Learn,1,
Veteran Swordsmith,1,
Charismatic Vanguard,1,
Knight of the Pilgrim's Road,1,
Kor Sky Climber,1,
Mistmeadow Vanisher,1,
Depower,1,
Westfold Rider,1,
Heartflame Duelist // Heartflame Slash,1,
Red Sun's Zenith,1,
Zellix Sanity Flayer,1,
Undercover Butler,1,
Viashino Outrider,1,
Markov Crusader,1,
Alpine Guide,1,
Spur Grappler,1,
Cleaving Sliver,1,
Kyoshi Village,1,
Wildwood Geist,1,
Shinka Gatekeeper,1,
Storm Herald,1,
Blitz Automaton,1,
The Wanderer,1,
Nettletooth Djinn,1,
Chakra Meditation,1,
Yargle Glutton of Urborg,1,
Kjeldoran Outrider,1,
Inspired Insurgent,1,
Thought Eater,1,
Harvester Troll,1,
Teferi's Sentinel,1,
Caterwauling Boggart,1,
Screeching Sliver,1,
Insidious Fungus,1,
Extraction Specialist,1,
Sanctum Spirit,1,
Moonrise Cleric,1,
Master Decoy,1,
Chromatic Star,1,
Automatic Librarian,1,
Synod Centurion,1,
Isao Enlightened Bushi,1,
Sabertooth Cobra,1,
City Pigeon,1,
Sea Gate Banneret,1,
Cloak of Feathers,1,
Clockwork Avian,1,
Ribbon Snake,1,
Vengeful Firebrand,1,
Yedora Grave Gardener,1,
Rampaging Rendhorn,1,
Squash,1,
Judgment Bolt,1,
Fetid Pools,1,
Undercity Sewers,1,
Zygon Infiltrator,1,
Lydia Frye,1,
Crabapple Cohort,1,
Liege of the Tangle,1,
Postmortem Professor,1,
Felhide Brawler,1,
Grim Roustabout,1,
Orchard Strider,1,
Consider the Prime Directive,1,
Oscorp Industries,1,
Withstand,1,
Decree of Justice,1,
Glassdust Hulk,1,
Sea Gate Colossus,1,
Sphinx of the Guildpact,1,
Cyclopean Mummy,1,
Cyclops of Eternal Fury,1,
Vegetation Abomination,1,
Vault Skirge,1,
Dark Maze,1,
Mindful Biomancer,1,
Skystreamer,1,
Splinter Aging Champion,1,
Council's Deliberation,1,
Willow Geist,1,
Llanowar Elite,1,
Defiant Salvager,1,
Joint Exploration,1,
Demon's Jester,1,
Scourge of Numai,1,
Worldheart Phoenix,1,
Lonely Sandbar,1,
Reckless Amplimancer,1,
Zack Fair,1,
Enduring Bondwarden,1,
Haazda Exonerator,1,
Cathedral Sanctifier,1,
Fight with Fire,1,
Stromkirk Patrol,1,
Glittering Massif,1,
Scattered Groves,1,
Umbral Expanse,1,
Yavimaya Scion,1,
Serpentine Kavu,1,
West Wind Avatar,1,
Wandering Musicians,1,
Relearn,1,
Neheb the Eternal,1,
Tephraderm,1,
Wrecking Crew,1,
Torrent of Stone,1,
Elvish Hexhunter,1,
Loathsome Chimera,1,
Wispweaver Angel,1,
Scalelord Reckoner,1,
Lady of Laughter,1,
Rust Goliath,1,
Emergent Woodwurm,1,
Experiment One,1,
Exalted Dragon,1,
Working Stiff,1,
Expedition Champion,1,
Slaughter Drone,1,
Merciless Repurposing,1,
Whiskerquill Scribe,1,
Extremis Elite,1,
Nori Teller of Tales,1,
Riparian Tiger,1,
Fatal Fumes,1,
Village Bell-Ringer,1,
Spire Mangler,1,
Fickle Efreet,1,
Warbeast of Gorgoroth,1,
Stoneshock Giant,1,
Flamecore Elemental,1,
Soul Enervation,1,
Wirecat,1,
Rescue Leopard,1,
Twinblade Slasher,1,
Kraul Harpooner,1,
Spinneret Sliver,1,
Frontier Mastodon,1,
Quirion Beastcaller,1,
Nesting Bot,1,
Geist of the Lonely Vigil,1,
Ghor-Clan Savage,1,
Volt Charge,1,
Wizards of Thay,1,
Katara Seeking Revenge,1,
Weldfast Wingsmith,1,
Stinging Cave Crawler,1,
Giant Shark,1,
Giant Tortoise,1,
Gibbering Hyenas,1,
Glacial Wall,1,
Slippery Bogle,1,
Glass Asp,1,
Inspired Inventor,1,
Gloomwidow,1,
Grasping Longneck,1,
Young Pyromancer,1,
Spiteflame Witch,1,
Xorn,1,
Ulrich's Kindred,1,
Cindering Cutthroat,1,
Plundering Pirate,1,
Spelleater Wolverine,1,
Goblin Deathraiders,1,
Goblin Striker,1,
Mudbrawler Cohort,1,
Shoal Serpent,1,
Trade Route Envoy,1,
Beloved Princess,1,
Winnower Patrol,1,
Sidewinder Naga,1,
Thicket Crasher,1,
Voldaren Ambusher,1,
Zuko Seeking Honor,1,
Merfolk Spy,1,
Rishadan Dockhand,1,
Sharp-Eyed Rookie,1,
Grenzo's Ruffians,1,
Balamb Garden SeeD Academy // Balamb Garden Airborne,1,
Guardians of Meletis,1,
Haunted Angel,1,
Hearthfire Hobgoblin,1,
Wild Mammoth,1,
Hellkite Tyrant,1,
Zhao Ruthless Admiral,1,
Ember Swallower,1,
Zada Hedron Grinder,1,
Kavu Runner,1,
War-Spike Changeling,1,
Hipparion,1,
Spinewoods Paladin,1,
Unrooted Ancestor,1,
Rampaging Cyclops,1,
Cleanup Crew,1,
Elvish Archers,1,
Spontaneous Artist,1,
Wibbly-wobbly Timey-wimey,1,
Ransom Note,1,
Take Inventory,1,
Hunters' Feast,1,
Uncomfortable Chill,1,
Razorclaw Bear,1,
Indentured Oaf,1,
Lurking Arynx,1,
Pollenbright Druid,1,
Dromoka the Eternal,1,
Sigarda Heron's Grace,1,
Jeskai Windscout,1,
Johtull Wurm,1,
Toadstool Admirer,1,
Junún Efreet,1,
Kami of Tattered Shoji,1,
Ms. Marvel Elastic Ally,1,
Razorfield Rhino,1,
Worthy Knight,1,
Sunspear Shikari,1,
Obliterating Bolt,1,
Lava Hounds,1,
Lead Golem,1,
Windcaller Aven,1,
Triceraton Commander,1,
Voltaic Visionary // Volt-Charged Berserker,1,
Rose Cutthroat Raider,1,
Llanowar Wastes,1,
Watchers of the Dead,1,
Sourbread Auntie,1,
Bridled Bighorn,1,
Lunk Errant,1,
Lynx,1,
Magnificent End,1,
Towering Gibbon,1,
Zarda the Power Princess,1,
Territorial Hammerskull,1,
War-Trained Slasher,1,
Menagerie Liberator,1,
Prophet of the Scarab,1,
Mercenaries,1,
Oracle of Tragedy,1,
Shipwreck Sifters,1,
Metamorphic Wurm,1,
Midnight Assassin,1,
Militia Rallier,1,
Mindless Null,1,
Minotaur Tactician,1,
Zurzoth Chaos Rider,1,
Shriek Treblemaker,1,
Mire Kavu,1,
Mocking Sprite,1,
Toxrill the Corrosive,1,
Coastal Peak,1,
Volatile Fjord,1,
Wrench-Rigger,1,
Boros Recruit,1,
Nivmagus Elemental,1,
Moonglove Changeling,1,
Moonwing Moth,1,
Knight of Grace,1,
Mother of Goons,1,
Predatory Sliver,1,
Road // Ruin,1,
Ezzaroot Channeler,1,
Generous Ent,1,
Stingcaster Mage,1,
Harrier Strix,1,
Nezumi Bladeblesser,1,
Noble Panther,1,
Venerated Rotpriest,1,
Skyway Sniper,1,
Noxious Bayou,1,
Yuan-Ti Fang-Blade,1,
Zalto Fire Giant Duke,1,
Pearl-Ear Imperial Advisor,1,
Terror of Towashi,1,
Street Sweeper,1,
Vildin-Pack Outcast // Dronepack Kindred,1,
Slash Panther,1,
Skystrike Officer,1,
Verdant Automaton,1,
Soulgorger Orgg,1,
Orochi Ranger,1,
Patagia Golem,1,
Warhost's Frenzy,1,
Siege Veteran,1,
Voyager Drake,1,
Threadbind Clique // Rip the Seams,1,
Phantom Whelp,1,
Pharagax Giant,1,
Trusted Pegasus,1,
Plague Fiend,1,
Plasma Elemental,1,
Pouncing Wurm,1,
Hill Giant Herdgorger,1,
Oltec Cloud Guard,1,
Pseudodragon Familiar,1,
You're Not Alone,1,
Vaporous Djinn,1,
Brainsurge,1,
Goldhound,1,
Reckless Lackey,1,
Monstrous Rage,1,
Lush Portico,1,
Suplex,1,
Rakdos Drake,1,
Terisian Mindbreaker,1,
Whispers of the Muse,1,
Murderous Cut,1,
Refocus,1,
Warchanter Skald,1,
Prowl Stoic Strategist // Prowl Pursuit Vehicle,1,
Sunscourge Champion,1,
Trusty Packbeast,1,
Rain-Slicked Copse,1,
Olivia's Attendants,1,
Karolina Dean Runaway,1,
Boulder Jockey,1,
Ronom Serpent,1,
Vaultborn Tyrant,1,
Vislor Turlough,1,
Woodland Acolyte // Mend the Wilds,1,
Sarinth Greatwurm,1,
Runeboggle,1,
Rusted Sentinel,1,
Elegant Parlor,1,
Sand Golem,1,
Under-Construction Skyscraper,1,
Sandsteppe Scavenger,1,
Wanderbrine Trapper,1,
Yavimaya Barbarian,1,
Scarwood Treefolk,1,
Yahenni Undying Partisan,1,
Phyrexian Furnace,1,
Scragnoth,1,
Rime Tender,1,
Wind Dancer,1,
Winged Sliver,1,
Urban Retreat,1,
Virulent Emissary,1,
Telethopter,1,
Shoe Tree,1,
Shrewd Negotiation,1,
Side to Side,1,
Rabaroo Troop,1,
Silkenfist Order,1,
Faerie Seer,1,
Shadowgrange Archfiend,1,
Nightscape Familiar,1,
Skeletal Crocodile,1,
Zhentarim Bandit,1,
Skittering Monstrosity,1,
Skizzik Surger,1,
Skulking Ghost,1,
Skyline Predator,1,
Skyrider Trainee,1,
Skyshroud Behemoth,1,
Sakura-Tribe Scout,1,
Vanguard Suppressor,1,
Sokka Swordmaster,1,
Somberwald Spider,1,
Soul's Attendant,1,
Traveling Minister,1,
Treetop Scout,1,
Spider-Ham Peter Porker,1,
Rhox Maulers,1,
Zamriel Seraph of Steel,1,
Statute of Denial,1,
Staunch Defenders,1,
Ascendant Dustspeaker,1,
Workshop Warchief,1,
Oran-Rief Invoker,1,
Wingrattle Scarecrow,1,
Vexing Radgull,1,
Vastwood Hydra,1,
Sulam Djinn,1,
Sulfurous Springs,1,
Snowfield Sinkhole,1,
Topplegeist,1,
Symbiotic Wurm,1,
Tymora's Invoker,1,
Spell Queller,1,
Rimewood Falls,1,
Abbot of Keral Keep,1,
Exosuit Savior,1,
Tempest Drake,1,
Tajuru Paragon,1,
War Historian,1,
The Fallen Apart,1,
Titan of Eternal Fire,1,
Thermal Blast,1,
Voyager Quickwelder,1,
Molten Exhale,1,
Coercive Recruiter,1,
Village Watch // Village Reavers,1,
Noyan Dar Roil Shaper,1,
Sabertooth Nishoba,1,
Royal Trooper,1,
Witchstalker,1,
Speaker of the Heavens,1,
Ocelot Pride,1,
Trained Condor,1,
Hamletback Goliath,1,
Boiling Rock Prison,1,
Prophet of Distortion,1,
Vulpine Harvester,1,
Blisterpod,1,
Survivor of Korlis,1,
Tunnel Surveyor,1,
Esper Sojourners,1,
Prophetic Flamespeaker,1,
Hellkite Igniter,1,
Federation Probe,1,
Spellweaver Eternal,1,
Weaponcraft Enthusiast,1,
Flame Javelin,1,
Shinen of Fury's Fire,1,
Updraft,1,
Senate Courier,1,
Greenbelt Guardian,1,
Vanquish the Foul,1,
Vantress Paladin,1,
Sheer Drop,1,
Treva's Attendant,1,
Hope-Ender Coatl,1,
Viashino Bey,1,
Skyclave Geopede,1,
Vintara Elephant,1,
Lord of Change,1,
Bofur Reliable Guardian // Concerted Care,1,
Earth Kingdom Protectors,1,
Zul Ashur Lich Lord,1,
Woe Strider,1,
Voracious Greatshark,1,
Shacklegeist,1,
Whiptail Wurm,1,
Vulshok Replica,1,
Yasova Dragonclaw,1,
Werebear,1,
Deepwood Denizen,1,
Wu Admiral,1,
Knickknack Ouphe,1,
Big Bertha,1,
Knight in _____ Armor,1,
